{
    "BM25": {
        "system_name": "BM25",
        "num_queries": 100,
        "precision_at_k": {
            "5": 0.18599999999999994,
            "10": 0.09499999999999999,
            "20": 0.04849999999999999
        },
        "recall_at_k": {
            "5": 0.43083333333333335,
            "10": 0.43833333333333335,
            "20": 0.44833333333333336
        },
        "f1_score_at_k": {
            "5": 0.2431746031746032,
            "10": 0.14909590409590406,
            "20": 0.0851338226990401
        },
        "ndcg_at_k": {
            "5": 0.4865886233069912,
            "10": 0.49016325947028067,
            "20": 0.4931760620578871
        },
        "map": 0.3904349206349207,
        "mrr": 0.824547619047619,
        "average_retrieval_time": 0.019154019355773926
    },
    "Dense Retriever": {
        "system_name": "Dense Retriever",
        "num_queries": 100,
        "precision_at_k": {
            "5": 0.018000000000000002,
            "10": 0.012000000000000002,
            "20": 0.008
        },
        "recall_at_k": {
            "5": 0.051500000000000004,
            "10": 0.066,
            "20": 0.08133333333333333
        },
        "f1_score_at_k": {
            "5": 0.0247936507936508,
            "10": 0.01912987012987013,
            "20": 0.014091210239036327
        },
        "ndcg_at_k": {
            "5": 0.04356601157715101,
            "10": 0.04888200659893382,
            "20": 0.05389416908022322
        },
        "map": 0.03366395154553049,
        "mrr": 0.07572472848788638,
        "average_retrieval_time": 0.7387326049804688
    },
    "BM25 + Reranker": {
        "system_name": "BM25 + Reranker",
        "num_queries": 100,
        "precision_at_k": {
            "5": 0.18999999999999997,
            "10": 0.09799999999999999,
            "20": 0.048999999999999995
        },
        "recall_at_k": {
            "5": 0.44500000000000006,
            "10": 0.45533333333333337,
            "20": 0.45533333333333337
        },
        "f1_score_at_k": {
            "5": 0.24908730158730158,
            "10": 0.15391408591408592,
            "20": 0.08597711274233015
        },
        "ndcg_at_k": {
            "5": 0.5013952004815468,
            "10": 0.5056689768554457,
            "20": 0.5056689768554457
        },
        "map": 0.4020805555555556,
        "mrr": 0.836111111111111,
        "average_retrieval_time": 9.331972687244415
    },
    "Dense + Reranker": {
        "system_name": "Dense + Reranker",
        "num_queries": 100,
        "precision_at_k": {
            "5": 0.068,
            "10": 0.035,
            "20": 0.018000000000000002
        },
        "recall_at_k": {
            "5": 0.16933333333333334,
            "10": 0.17433333333333334,
            "20": 0.17633333333333334
        },
        "f1_score_at_k": {
            "5": 0.08933333333333335,
            "10": 0.0550889110889111,
            "20": 0.031522416713721066
        },
        "ndcg_at_k": {
            "5": 0.19387872227094852,
            "10": 0.19581298630712124,
            "20": 0.1967590497741879
        },
        "map": 0.16273863636363636,
        "mrr": 0.3145833333333333,
        "average_retrieval_time": 9.922317442893982
    }
}