{
    "BM25": {
        "system_name": "BM25",
        "num_queries": 2,
        "precision_at_k": {
            "5": 0.2,
            "10": 0.1,
            "20": 0.07500000000000001
        },
        "recall_at_k": {
            "5": 0.41666666666666663,
            "10": 0.41666666666666663,
            "20": 0.6666666666666666
        },
        "f1_score_at_k": {
            "5": 0.2678571428571429,
            "10": 0.16025641025641024,
            "20": 0.13438735177865613
        },
        "ndcg_at_k": {
            "5": 0.5412129593941074,
            "10": 0.5412129593941074,
            "20": 0.613383116585468
        },
        "map": 0.4444444444444444,
        "mrr": 1.0,
        "average_retrieval_time": 0.03007686138153076
    },
    "Dense Retriever": {
        "system_name": "Dense Retriever",
        "num_queries": 2,
        "precision_at_k": {
            "5": 0.0,
            "10": 0.0,
            "20": 0.025
        },
        "recall_at_k": {
            "5": 0.0,
            "10": 0.0,
            "20": 0.25
        },
        "f1_score_at_k": {
            "5": 0.0,
            "10": 0.0,
            "20": 0.045454545454545456
        },
        "ndcg_at_k": {
            "5": 0.0,
            "10": 0.0,
            "20": 0.08284788288261477
        },
        "map": 0.020833333333333332,
        "mrr": 0.041666666666666664,
        "average_retrieval_time": 0.9725774526596069
    },
    "BM25 + Reranker": {
        "system_name": "BM25 + Reranker",
        "num_queries": 2,
        "precision_at_k": {
            "5": 0.2,
            "10": 0.1,
            "20": 0.05
        },
        "recall_at_k": {
            "5": 0.41666666666666663,
            "10": 0.41666666666666663,
            "20": 0.41666666666666663
        },
        "f1_score_at_k": {
            "5": 0.2678571428571429,
            "10": 0.16025641025641024,
            "20": 0.08893280632411069
        },
        "ndcg_at_k": {
            "5": 0.5412129593941074,
            "10": 0.5412129593941074,
            "20": 0.5412129593941074
        },
        "map": 0.41666666666666663,
        "mrr": 1.0,
        "average_retrieval_time": 7.459194302558899
    },
    "Dense + Reranker": {
        "system_name": "Dense + Reranker",
        "num_queries": 2,
        "precision_at_k": {
            "5": 0.0,
            "10": 0.05,
            "20": 0.025
        },
        "recall_at_k": {
            "5": 0.0,
            "10": 0.25,
            "20": 0.25
        },
        "f1_score_at_k": {
            "5": 0.0,
            "10": 0.08333333333333334,
            "20": 0.045454545454545456
        },
        "ndcg_at_k": {
            "5": 0.0,
            "10": 0.09671320180863541,
            "20": 0.09671320180863541
        },
        "map": 0.03125,
        "mrr": 0.0625,
        "average_retrieval_time": 7.5656163692474365
    }
}