{
    "BM25": {
        "system_name": "BM25",
        "num_queries": 1,
        "precision_at_k": {
            "5": 0.2,
            "10": 0.1,
            "20": 0.05
        },
        "recall_at_k": {
            "5": 0.3333333333333333,
            "10": 0.3333333333333333,
            "20": 0.3333333333333333
        },
        "f1_score_at_k": {
            "5": 0.25,
            "10": 0.15384615384615383,
            "20": 0.08695652173913045
        },
        "ndcg_at_k": {
            "5": 0.46927872602275644,
            "10": 0.46927872602275644,
            "20": 0.46927872602275644
        },
        "map": 0.3333333333333333,
        "mrr": 1.0,
        "average_retrieval_time": 0.024140596389770508
    },
    "Dense Retriever": {
        "system_name": "Dense Retriever",
        "num_queries": 1,
        "precision_at_k": {
            "5": 0.0,
            "10": 0.0,
            "20": 0.0
        },
        "recall_at_k": {
            "5": 0.0,
            "10": 0.0,
            "20": 0.0
        },
        "f1_score_at_k": {
            "5": 0.0,
            "10": 0.0,
            "20": 0.0
        },
        "ndcg_at_k": {
            "5": 0.0,
            "10": 0.0,
            "20": 0.0
        },
        "map": 0.0,
        "mrr": 0.0,
        "average_retrieval_time": 1.0111243724822998
    },
    "BM25 + Reranker": {
        "system_name": "BM25 + Reranker",
        "num_queries": 1,
        "precision_at_k": {
            "5": 0.2,
            "10": 0.1,
            "20": 0.05
        },
        "recall_at_k": {
            "5": 0.3333333333333333,
            "10": 0.3333333333333333,
            "20": 0.3333333333333333
        },
        "f1_score_at_k": {
            "5": 0.25,
            "10": 0.15384615384615383,
            "20": 0.08695652173913045
        },
        "ndcg_at_k": {
            "5": 0.46927872602275644,
            "10": 0.46927872602275644,
            "20": 0.46927872602275644
        },
        "map": 0.3333333333333333,
        "mrr": 1.0,
        "average_retrieval_time": 7.34256386756897
    },
    "Dense + Reranker": {
        "system_name": "Dense + Reranker",
        "num_queries": 1,
        "precision_at_k": {
            "5": 0.0,
            "10": 0.0,
            "20": 0.0
        },
        "recall_at_k": {
            "5": 0.0,
            "10": 0.0,
            "20": 0.0
        },
        "f1_score_at_k": {
            "5": 0.0,
            "10": 0.0,
            "20": 0.0
        },
        "ndcg_at_k": {
            "5": 0.0,
            "10": 0.0,
            "20": 0.0
        },
        "map": 0.0,
        "mrr": 0.0,
        "average_retrieval_time": 7.959794282913208
    }
}