{
    "BM25": {
        "system_name": "BM25",
        "num_queries": 3,
        "precision_at_k": {
            "5": 0.13333333333333333,
            "10": 0.06666666666666667,
            "20": 0.03333333333333333
        },
        "recall_at_k": {
            "5": 0.6666666666666666,
            "10": 0.6666666666666666,
            "20": 0.6666666666666666
        },
        "f1_score_at_k": {
            "5": 0.22222222222222224,
            "10": 0.12121212121212122,
            "20": 0.06349206349206349
        },
        "map": 0.6666666666666666,
        "average_retrieval_time": 0.025226116180419922
    },
    "Dense Retriever": {
        "system_name": "Dense Retriever",
        "num_queries": 3,
        "precision_at_k": {
            "5": 0.0,
            "10": 0.0,
            "20": 0.0
        },
        "recall_at_k": {
            "5": 0.0,
            "10": 0.0,
            "20": 0.0
        },
        "f1_score_at_k": {
            "5": 0.0,
            "10": 0.0,
            "20": 0.0
        },
        "map": 0.0,
        "average_retrieval_time": 2.272231419881185
    },
    "BM25 + Reranker": {
        "system_name": "BM25 + Reranker",
        "num_queries": 3,
        "precision_at_k": {
            "5": 0.20000000000000004,
            "10": 0.10000000000000002,
            "20": 0.05000000000000001
        },
        "recall_at_k": {
            "5": 1.0,
            "10": 1.0,
            "20": 1.0
        },
        "f1_score_at_k": {
            "5": 0.3333333333333333,
            "10": 0.1818181818181818,
            "20": 0.09523809523809523
        },
        "map": 0.7333333333333334,
        "average_retrieval_time": 21.248090982437134
    },
    "Dense + Reranker": {
        "system_name": "Dense + Reranker",
        "num_queries": 3,
        "precision_at_k": {
            "5": 0.06666666666666667,
            "10": 0.03333333333333333,
            "20": 0.016666666666666666
        },
        "recall_at_k": {
            "5": 0.3333333333333333,
            "10": 0.3333333333333333,
            "20": 0.3333333333333333
        },
        "f1_score_at_k": {
            "5": 0.11111111111111112,
            "10": 0.06060606060606061,
            "20": 0.031746031746031744
        },
        "map": 0.3333333333333333,
        "average_retrieval_time": 21.81579089164734
    }
}