System,MAP,Precision@5,Precision@10,Precision@20,Recall@5,Recall@10,Recall@20,F1@5,F1@10,F1@20,Retrieval Time
BM25,0.3904349206349207,0.18599999999999994,0.09499999999999999,0.04849999999999999,0.43083333333333335,0.43833333333333335,0.44833333333333336,0.2431746031746032,0.14909590409590406,0.0851338226990401,0.023738293647766112
Dense Retriever,0.03366395154553049,0.018000000000000002,0.012000000000000002,0.008,0.051500000000000004,0.066,0.08133333333333333,0.0247936507936508,0.01912987012987013,0.014091210239036327,1.258558292388916
BM25 + Reranker,0.4020805555555556,0.18999999999999997,0.09799999999999999,0.048999999999999995,0.44500000000000006,0.45533333333333337,0.45533333333333337,0.24908730158730158,0.15391408591408592,0.08597711274233015,25.488900871276854
Dense + Reranker,0.16273863636363636,0.068,0.035,0.018000000000000002,0.16933333333333334,0.17433333333333334,0.17633333333333334,0.08933333333333335,0.0550889110889111,0.031522416713721066,27.83660176038742
